{"req_file_to_req_element_id_map": {"UC26S2.txt": ["UC26S2.txt.0", "UC26S2.txt.1"], "UC33S3.txt": ["UC33S3.txt.0", "UC33S3.txt.1", "UC33S3.txt.2"], "UC40S6.txt": ["UC40S6.txt.0"], "UC40S2.txt": ["UC40S2.txt.0", "UC40S2.txt.1", "UC40S2.txt.2", "UC40S2.txt.3", "UC40S2.txt.4", "UC40S2.txt.5", "UC40S2.txt.6", "UC40S2.txt.7", "UC40S2.txt.8"], "UC27S1.txt": ["UC27S1.txt.0", "UC27S1.txt.1"], "UC19S1.txt": ["UC19S1.txt.0", "UC19S1.txt.1"], "UC22S3.txt": ["UC22S3.txt.0", "UC22S3.txt.1", "UC22S3.txt.2", "UC22S3.txt.3", "UC22S3.txt.4", "UC22S3.txt.5"], "UC30S6.txt": ["UC30S6.txt.0", "UC30S6.txt.1", "UC30S6.txt.2", "UC30S6.txt.3"], "UC2E2.txt": ["UC2E2.txt.0", "UC2E2.txt.1"], "UC10E1.txt": ["UC10E1.txt.0"], "UC3S3.txt": ["UC3S3.txt.0", "UC3S3.txt.1"], "UC26S1.txt": ["UC26S1.txt.0", "UC26S1.txt.1", "UC26S1.txt.2", "UC26S1.txt.3"], "UC15S4.txt": ["UC15S4.txt.0", "UC15S4.txt.1", "UC15S4.txt.2"], "UC22E2.txt": ["UC22E2.txt.0"], "UC24.txt": ["UC24.txt.0", "UC24.txt.1", "UC24.txt.2", "UC24.txt.3", "UC24.txt.4", "UC24.txt.5"], "UC18E1.txt": ["UC18E1.txt.0"], "UC3S2.txt": ["UC3S2.txt.0", "UC3S2.txt.1"], "UC5S2.txt": ["UC5S2.txt.0"], "UC4S2.txt": ["UC4S2.txt.0"], "UC36S3.txt": ["UC36S3.txt.0", "UC36S3.txt.1"], "UC34S4.txt": ["UC34S4.txt.0", "UC34S4.txt.1", "UC34S4.txt.2"], "UC9S1.txt": ["UC9S1.txt.0", "UC9S1.txt.1"], "UC18E2.txt": ["UC18E2.txt.0"], "UC26S4.txt": ["UC26S4.txt.0", "UC26S4.txt.1", "UC26S4.txt.2"], "UC40S4.txt": ["UC40S4.txt.0"], "UC3E2.txt": ["UC3E2.txt.0"], "UC40S5.txt": ["UC40S5.txt.0", "UC40S5.txt.1"], "UC34S6.txt": ["UC34S6.txt.0", "UC34S6.txt.1", "UC34S6.txt.2", "UC34S6.txt.3", "UC34S6.txt.4", "UC34S6.txt.5"], "UC32S1.txt": ["UC32S1.txt.0"], "UC31S1.txt": ["UC31S1.txt.0", "UC31S1.txt.1", "UC31S1.txt.2"], "UC1E2.txt": ["UC1E2.txt.0", "UC1E2.txt.1"], "UC11E1.txt": ["UC11E1.txt.0"], "UC9S2.txt": ["UC9S2.txt.0", "UC9S2.txt.1"], "UC17S2.txt": ["UC17S2.txt.0"], "UC32E1.txt": ["UC32E1.txt.0"], "UC33E1.txt": ["UC33E1.txt.0", "UC33E1.txt.1"], "UC22E1.txt": ["UC22E1.txt.0"], "UC23S3.txt": ["UC23S3.txt.0", "UC23S3.txt.1"], "UC35S2.txt": ["UC35S2.txt.0", "UC35S2.txt.1", "UC35S2.txt.2", "UC35S2.txt.3"], "UC34S2.txt": ["UC34S2.txt.0", "UC34S2.txt.1", "UC34S2.txt.2"], "UC13.txt": ["UC13.txt.0"], "UC19S2.txt": ["UC19S2.txt.0", "UC19S2.txt.1"], "UC10S2.txt": ["UC10S2.txt.0", "UC10S2.txt.1"], "UC3E1.txt": ["UC3E1.txt.0", "UC3E1.txt.1"], "UC2S2.txt": ["UC2S2.txt.0"], "UC26E1.txt": ["UC26E1.txt.0", "UC26E1.txt.1"], "UC6S1.txt": ["UC6S1.txt.0", "UC6S1.txt.1"], "UC11S2.txt": ["UC11S2.txt.0", "UC11S2.txt.1"], "UC4S1.txt": ["UC4S1.txt.0", "UC4S1.txt.1"], "UC37S2.txt": ["UC37S2.txt.0", "UC37S2.txt.1"], "UC40S1.txt": ["UC40S1.txt.0", "UC40S1.txt.1", "UC40S1.txt.2"], "UC30E1.txt": ["UC30E1.txt.0"], "UC18S2.txt": ["UC18S2.txt.0", "UC18S2.txt.1"], "UC25.txt": ["UC25.txt.0", "UC25.txt.1", "UC25.txt.2"], "UC11E2.txt": ["UC11E2.txt.0", "UC11E2.txt.1"], "UC30S7.txt": ["UC30S7.txt.0", "UC30S7.txt.1", "UC30S7.txt.2", "UC30S7.txt.3", "UC30S7.txt.4", "UC30S7.txt.5", "UC30S7.txt.6"], "UC34S1.txt": ["UC34S1.txt.0", "UC34S1.txt.1", "UC34S1.txt.2", "UC34S1.txt.3", "UC34S1.txt.4", "UC34S1.txt.5"], "UC3S4.txt": ["UC3S4.txt.0", "UC3S4.txt.1"], "UC37S3.txt": ["UC37S3.txt.0", "UC37S3.txt.1"], "UC40S3.txt": ["UC40S3.txt.0", "UC40S3.txt.1"], "UC34E4.txt": ["UC34E4.txt.0"], "UC19E1.txt": ["UC19E1.txt.0"], "UC34S5.txt": ["UC34S5.txt.0", "UC34S5.txt.1", "UC34S5.txt.2", "UC34S5.txt.3", "UC34S5.txt.4", "UC34S5.txt.5"], "UC1S2.txt": ["UC1S2.txt.0", "UC1S2.txt.1"], "UC33E2.txt": ["UC33E2.txt.0"], "UC19S3.txt": ["UC19S3.txt.0", "UC19S3.txt.1"], "UC21S1.txt": ["UC21S1.txt.0"], "UC29.txt": ["UC29.txt.0", "UC29.txt.1", "UC29.txt.2", "UC29.txt.3", "UC29.txt.4"], "UC6S3.txt": ["UC6S3.txt.0", "UC6S3.txt.1", "UC6S3.txt.2"], "UC1E1.txt": ["UC1E1.txt.0"], "UC17S1.txt": ["UC17S1.txt.0"], "UC10S1.txt": ["UC10S1.txt.0", "UC10S1.txt.1", "UC10S1.txt.2", "UC10S1.txt.3"], "UC15S3.txt": ["UC15S3.txt.0", "UC15S3.txt.1", "UC15S3.txt.2"], "UC30E2.txt": ["UC30E2.txt.0", "UC30E2.txt.1"], "UC13E1.txt": ["UC13E1.txt.0"], "UC10E2.txt": ["UC10E2.txt.0", "UC10E2.txt.1"], "UC34E1.txt": ["UC34E1.txt.0", "UC34E1.txt.1"], "UC3S1.txt": ["UC3S1.txt.0"], "UC23S1.txt": ["UC23S1.txt.0"], "UC28.txt": ["UC28.txt.0", "UC28.txt.1", "UC28.txt.2"], "UC4S3.txt": ["UC4S3.txt.0"], "UC4E1.txt": ["UC4E1.txt.0"], "UC34E3.txt": ["UC34E3.txt.0", "UC34E3.txt.1"], "UC27S2.txt": ["UC27S2.txt.0", "UC27S2.txt.1"], "UC33S1.txt": ["UC33S1.txt.0", "UC33S1.txt.1", "UC33S1.txt.2", "UC33S1.txt.3", "UC33S1.txt.4", "UC33S1.txt.5"], "UC12.txt": ["UC12.txt.0", "UC12.txt.1"], "UC30S4.txt": ["UC30S4.txt.0", "UC30S4.txt.1", "UC30S4.txt.2", "UC30S4.txt.3", "UC30S4.txt.4", "UC30S4.txt.5", "UC30S4.txt.6"], "UC35S1.txt": ["UC35S1.txt.0", "UC35S1.txt.1", "UC35S1.txt.2", "UC35S1.txt.3"], "UC23S4.txt": ["UC23S4.txt.0"], "UC30S5.txt": ["UC30S5.txt.0", "UC30S5.txt.1", "UC30S5.txt.2", "UC30S5.txt.3", "UC30S5.txt.4", "UC30S5.txt.5", "UC30S5.txt.6"], "UC22S1.txt": ["UC22S1.txt.0", "UC22S1.txt.1", "UC22S1.txt.2"], "UC38S2.txt": ["UC38S2.txt.0", "UC38S2.txt.1"], "UC17S3.txt": ["UC17S3.txt.0", "UC17S3.txt.1"], "UC8S1.txt": ["UC8S1.txt.0"], "UC1S1.txt": ["UC1S1.txt.0", "UC1S1.txt.1", "UC1S1.txt.2", "UC1S1.txt.3", "UC1S1.txt.4", "UC1S1.txt.5"], "UC36S1.txt": ["UC36S1.txt.0", "UC36S1.txt.1", "UC36S1.txt.2", "UC36S1.txt.3"], "UC8S2.txt": ["UC8S2.txt.0"], "UC33S2.txt": ["UC33S2.txt.0", "UC33S2.txt.1", "UC33S2.txt.2"], "UC38S1.txt": ["UC38S1.txt.0", "UC38S1.txt.1"], "UC21E2.txt": ["UC21E2.txt.0", "UC21E2.txt.1"], "UC30S3.txt": ["UC30S3.txt.0", "UC30S3.txt.1", "UC30S3.txt.2", "UC30S3.txt.3", "UC30S3.txt.4", "UC30S3.txt.5", "UC30S3.txt.6"], "UC22S2.txt": ["UC22S2.txt.0", "UC22S2.txt.1", "UC22S2.txt.2"], "UC30S2.txt": ["UC30S2.txt.0", "UC30S2.txt.1", "UC30S2.txt.2", "UC30S2.txt.3", "UC30S2.txt.4", "UC30S2.txt.5"], "UC2S1.txt": ["UC2S1.txt.0", "UC2S1.txt.1", "UC2S1.txt.2", "UC2S1.txt.3", "UC2S1.txt.4", "UC2S1.txt.5", "UC2S1.txt.6", "UC2S1.txt.7"], "UC4E2.txt": ["UC4E2.txt.0"], "UC6S2.txt": ["UC6S2.txt.0"], "UC37S1.txt": ["UC37S1.txt.0", "UC37S1.txt.1"], "UC16.txt": ["UC16.txt.0", "UC16.txt.1", "UC16.txt.2", "UC16.txt.3", "UC16.txt.4"], "UC26E2.txt": ["UC26E2.txt.0", "UC26E2.txt.1"], "UC3S5.txt": ["UC3S5.txt.0"], "UC18S1.txt": ["UC18S1.txt.0"], "UC30S1.txt": ["UC30S1.txt.0", "UC30S1.txt.1", "UC30S1.txt.2", "UC30S1.txt.3", "UC30S1.txt.4", "UC30S1.txt.5", "UC30S1.txt.6"], "UC34E2.txt": ["UC34E2.txt.0", "UC34E2.txt.1"], "UC40S7.txt": ["UC40S7.txt.0"], "UC15E1.txt": ["UC15E1.txt.0"], "UC34S3.txt": ["UC34S3.txt.0", "UC34S3.txt.1", "UC34S3.txt.2", "UC34S3.txt.3", "UC34S3.txt.4"], "UC19E2.txt": ["UC19E2.txt.0", "UC19E2.txt.1"], "UC11S1.txt": ["UC11S1.txt.0", "UC11S1.txt.1", "UC11S1.txt.2", "UC11S1.txt.3", "UC11S1.txt.4", "UC11S1.txt.5"], "UC32S2.txt": ["UC32S2.txt.0", "UC32S2.txt.1", "UC32S2.txt.2", "UC32S2.txt.3", "UC32S2.txt.4"], "UC15S1.txt": ["UC15S1.txt.0", "UC15S1.txt.1", "UC15S1.txt.2"], "UC23E2.txt": ["UC23E2.txt.0", "UC23E2.txt.1"], "UC26S3.txt": ["UC26S3.txt.0", "UC26S3.txt.1", "UC26S3.txt.2"], "UC25E1.txt": ["UC25E1.txt.0", "UC25E1.txt.1"], "UC5S1.txt": ["UC5S1.txt.0"], "UC15S2.txt": ["UC15S2.txt.0", "UC15S2.txt.1", "UC15S2.txt.2"], "UC31S2.txt": ["UC31S2.txt.0"], "UC4S4.txt": ["UC4S4.txt.0"], "UC16E1.txt": ["UC16E1.txt.0"], "UC23E1.txt": ["UC23E1.txt.0"], "UC21E1.txt": ["UC21E1.txt.0"], "UC36S2.txt": ["UC36S2.txt.0", "UC36S2.txt.1", "UC36S2.txt.2", "UC36S2.txt.3"]}, "code_file_to_method_map": {"Localization.java": ["Localization.getCurrentLocale()", "Localization.instance()"], "AdverseEventsData.java": ["AdverseEventsData.setAdverseEventsList(List,String)", "AdverseEventsData.produceDataset(Map)", "AdverseEventsData.hasExpired(Map,Date)", "AdverseEventsData.getProducerId()", "AdverseEventsData.generateLink(Object,int,Object)", "AdverseEventsData.generateToolTip(CategoryDataset,int,int)"], "FormValidationException.java": ["FormValidationException.getErrorList()", "FormValidationException.getMessage()", "FormValidationException.printHTML(JspWriter)"], "iTrustException.java": ["iTrustException.getMessage()", "iTrustException.getExtendedMessage()"], "NoHealthRecordsException.java": [], "DBException.java": ["DBException.getSQLException()", "DBException.getExtendedMessage()"], "ErrorList.java": ["ErrorList.addIfNotNull(String)", "ErrorList.getMessageList()", "ErrorList.hasErrors()", "ErrorList.toString()", "ErrorList.iterator()"], "RandomPassword.java": ["RandomPassword.getRandomPassword()"], "HtmlEncoder.java": ["HtmlEncoder.encode(String)", "HtmlEncoder.URLOnSite(String)"], "BeanBuilder.java": ["BeanBuilder.build(Map,T)"], "Type1DiabetesRisks.java": ["Type1DiabetesRisks.qualifiesForDisease()", "Type1DiabetesRisks.getName()"], "HeartDiseaseRisks.java": ["HeartDiseaseRisks.qualifiesForDisease()", "HeartDiseaseRisks.getName()"], "RiskChecker.java": ["RiskChecker.getName()", "RiskChecker.qualifiesForDisease()", "RiskChecker.isAtRisk()", "RiskChecker.getPatientRiskFactors()"], "Type2DiabetesRisks.java": ["Type2DiabetesRisks.qualifiesForDisease()", "Type2DiabetesRisks.getName()"], "ChildhoodInfectionFactor.java": ["ChildhoodInfectionFactor.getDescription()", "ChildhoodInfectionFactor.hasFactor()"], "SmokingFactor.java": ["SmokingFactor.getDescription()", "SmokingFactor.hasFactor()"], "HypertensionFactor.java": ["HypertensionFactor.getDescription()", "HypertensionFactor.hasFactor()"], "GenderFactor.java": ["GenderFactor.getDescription()", "GenderFactor.hasFactor()"], "PriorDiagnosisFactor.java": ["PriorDiagnosisFactor.getDescription()", "PriorDiagnosisFactor.hasFactor()"], "EthnicityFactor.java": ["EthnicityFactor.getDescription()", "EthnicityFactor.hasFactor()"], "AgeFactor.java": ["AgeFactor.getDescription()", "AgeFactor.hasFactor()"], "WeightFactor.java": ["WeightFactor.getDescription()", "WeightFactor.hasFactor()"], "FamilyHistoryFactor.java": ["FamilyHistoryFactor.getDescription()", "FamilyHistoryFactor.hasFactor()"], "CholesterolFactor.java": ["CholesterolFactor.getDescription()", "CholesterolFactor.hasFactor()"], "PatientRiskFactor.java": ["PatientRiskFactor.getDescription()", "PatientRiskFactor.hasRiskFactor()"], "ChronicDiseaseMediator.java": ["ChronicDiseaseMediator.getDiseaseAtRisk()"], "ReferralDAO.java": ["ReferralDAO.getReferralsSentFrom(long)", "ReferralDAO.getReferralsSentTo(long)", "ReferralDAO.editReferral(ReferralBean)", "ReferralDAO.addReferral(ReferralBean)"], "FamilyDAO.java": ["FamilyDAO.getParents(long)", "FamilyDAO.getSiblings(long)", "FamilyDAO.getChildren(long)"], "LOINCDAO.java": ["LOINCDAO.addLOINC(LOINCbean)", "LOINCDAO.getProcedures(String)", "LOINCDAO.update(LOINCbean)", "LOINCDAO.getAllLOINC()"], "HospitalsDAO.java": ["HospitalsDAO.getAllHospitals()", "HospitalsDAO.getHospital(String)", "HospitalsDAO.addHospital(HospitalBean)", "HospitalsDAO.updateHospital(HospitalBean)", "HospitalsDAO.assignHospital(long,String)", "HospitalsDAO.removeHospitalAssignment(long,String)", "HospitalsDAO.removeAllHospitalAssignmentsFrom(long)"], "FakeEmailDAO.java": ["FakeEmailDAO.getAllEmails()", "FakeEmailDAO.getEmailsByPerson(String)", "FakeEmailDAO.sendEmailRecord(Email)", "FakeEmailDAO.getEmailWithBody(String)"], "VisitRemindersDAO.java": ["VisitRemindersDAO.getPatients(long)", "VisitRemindersDAO.getDiagnosedVisitNeeders(long)", "VisitRemindersDAO.getFluShotDelinquents(long)"], "CPTCodesDAO.java": ["CPTCodesDAO.getAllCPTCodes()", "CPTCodesDAO.getImmunizationCPTCodes()", "CPTCodesDAO.getCPTCode(String)", "CPTCodesDAO.addCPTCode(ProcedureBean)", "CPTCodesDAO.updateCode(ProcedureBean)"], "PersonnelDAO.java": ["PersonnelDAO.getName(long)", "PersonnelDAO.addEmptyPersonnel(Role)", "PersonnelDAO.getPersonnel(long)", "PersonnelDAO.editPersonnel(PersonnelBean)", "PersonnelDAO.checkPersonnelExists(long)", "PersonnelDAO.getHospitals(long)", "PersonnelDAO.getAllPersonnel()", "PersonnelDAO.getUAPsForHCP(long)", "PersonnelDAO.getPrescribingDoctor(PrescriptionBean)", "PersonnelDAO.searchForPersonnelWithName(String,String)"], "ApptTypeDAO.java": ["ApptTypeDAO.getApptTypes()", "ApptTypeDAO.addApptType(ApptTypeBean)", "ApptTypeDAO.editApptType(ApptTypeBean)"], "PatientDAO.java": ["PatientDAO.getName(long)", "PatientDAO.getRole(long,String)", "PatientDAO.addEmptyPatient()", "PatientDAO.getPatient(long)", "PatientDAO.editPatient(PatientBean)", "PatientDAO.checkPatientExists(long)", "PatientDAO.getDeclaredHCPs(long)", "PatientDAO.declareHCP(long,long)", "PatientDAO.undeclareHCP(long,long)", "PatientDAO.checkDeclaredHCP(long,long)", "PatientDAO.getRepresented(long)", "PatientDAO.getRepresenting(long)", "PatientDAO.represents(long,long)", "PatientDAO.addRepresentative(long,long)", "PatientDAO.removeRepresentative(long,long)", "PatientDAO.getDiagnoses(long)", "PatientDAO.getProcedures(long)", "PatientDAO.getImmunizationProcedures(long)", "PatientDAO.getPrescriptions(long)", "PatientDAO.getCurrentPrescriptions(long)", "PatientDAO.getExpiredPrescriptions(long)", "PatientDAO.getAllPatients()", "PatientDAO.getRenewalNeedsPatients(long)", "PatientDAO.searchForPatientsWithName(String,String)"], "HealthRecordsDAO.java": ["HealthRecordsDAO.getAllHealthRecords(long)", "HealthRecordsDAO.add(HealthRecord)"], "AdverseEventDAO.java": ["AdverseEventDAO.getReportsFor(long)", "AdverseEventDAO.addReport(AdverseEventBean,long)", "AdverseEventDAO.getHCPMID(int)", "AdverseEventDAO.getReport(int)", "AdverseEventDAO.removeReport(int)", "AdverseEventDAO.getUnremovedAdverseEventsByCode(String)", "AdverseEventDAO.getNameForCode(String)", "AdverseEventDAO.getPerscriptions(String,String)", "AdverseEventDAO.getImmunizations(String,String)"], "RemoteMonitoringDAO.java": ["RemoteMonitoringDAO.getPatientsData(long)", "RemoteMonitoringDAO.getPatientDataByDate(long,Date,Date)", "RemoteMonitoringDAO.storePatientData(long,int,int,int,String,long)", "RemoteMonitoringDAO.storePatientData(long,int,String,long)", "RemoteMonitoringDAO.storePatientData(long,int,int,String,long)", "RemoteMonitoringDAO.validatePR(long,long)", "RemoteMonitoringDAO.addPatientToList(long,long)", "RemoteMonitoringDAO.removePatientFromList(long,long)"], "MessageDAO.java": ["MessageDAO.getMessagesFor(long)", "MessageDAO.getMessagesTimeAscending(long)", "MessageDAO.getMessagesNameAscending(long)", "MessageDAO.getMessagesNameDescending(long)", "MessageDAO.getMessagesFrom(long)", "MessageDAO.getMessagesFromTimeAscending(long)", "MessageDAO.getMessagesFromNameAscending(long)", "MessageDAO.getMessagesFromNameDescending(long)", "MessageDAO.addMessage(MessageBean)", "MessageDAO.updateRead(MessageBean)"], "DrugInteractionDAO.java": ["DrugInteractionDAO.getInteractions(String)", "DrugInteractionDAO.reportInteraction(String,String,String)", "DrugInteractionDAO.deleteInteraction(String,String)"], "AllergyDAO.java": ["AllergyDAO.getAllergies(long)", "AllergyDAO.addAllergy(long,String)"], "ICDCodesDAO.java": ["ICDCodesDAO.getAllICDCodes()", "ICDCodesDAO.getICDCode(String)", "ICDCodesDAO.addICDCode(DiagnosisBean)", "ICDCodesDAO.updateCode(DiagnosisBean)"], "ReportRequestDAO.java": ["ReportRequestDAO.getReportRequest(long)", "ReportRequestDAO.getAllReportRequestsForRequester(long)", "ReportRequestDAO.getAllReportRequestsForPatient(long)", "ReportRequestDAO.addReportRequest(long,long,Date)", "ReportRequestDAO.setViewed(long,Date)"], "RiskDAO.java": ["RiskDAO.hasFamilyHistory(long,double,double)", "RiskDAO.hadChildhoodInfection(long,double)", "RiskDAO.hasSmoked(long)", "RiskDAO.hadPriorDiagnoses(long,double,double)"], "LabProcedureDAO.java": ["LabProcedureDAO.getLabProceduresForPatient(long)", "LabProcedureDAO.getLabProceduresForPatientForNextMonth(long)", "LabProcedureDAO.getLabProcedure(long)", "LabProcedureDAO.getAllLabProceduresDate(long)", "LabProcedureDAO.getAllLabProceduresForDocOV(long,long)", "LabProcedureDAO.getAllLabProceduresForDocOV(long)", "LabProcedureDAO.getAllLabProcedures()", "LabProcedureDAO.getLabProceduresForLHCPForNextMonth(long)", "LabProcedureDAO.addLabProcedure(LabProcedureBean)", "LabProcedureDAO.updateLabProcedure(LabProcedureBean)", "LabProcedureDAO.getAllLabProceduresLOINC(long)", "LabProcedureDAO.updateRights(LabProcedureBean)"], "SurveyDAO.java": ["SurveyDAO.addCompletedSurvey(SurveyBean,Date)", "SurveyDAO.getSurveyData(long)", "SurveyDAO.isSurveyCompleted(long)"], "NDCodesDAO.java": ["NDCodesDAO.getAllNDCodes()", "NDCodesDAO.getNDCode(String)", "NDCodesDAO.addNDCode(MedicationBean)", "NDCodesDAO.updateCode(MedicationBean)"], "ApptDAO.java": ["ApptDAO.getApptsFor(long)", "ApptDAO.getAllAppts()", "ApptDAO.scheduleAppt(ApptBean)"], "SurveyResultDAO.java": ["SurveyResultDAO.getSurveyResultsForZip(String,String)", "SurveyResultDAO.getSurveyResultsForHospital(String,String)"], "OfficeVisitDAO.java": ["OfficeVisitDAO.add(OfficeVisitBean)", "OfficeVisitDAO.update(OfficeVisitBean)", "OfficeVisitDAO.getOfficeVisit(long)", "OfficeVisitDAO.getProcedures(long)", "OfficeVisitDAO.getPrescriptions(long)", "OfficeVisitDAO.getDiagnoses(long)", "OfficeVisitDAO.addProcedureToOfficeVisit(String,long,String)", "OfficeVisitDAO.removeProcedureFromOfficeVisit(long)", "OfficeVisitDAO.addPrescription(PrescriptionBean)", "OfficeVisitDAO.editPrescription(PrescriptionBean)", "OfficeVisitDAO.removePrescription(long)", "OfficeVisitDAO.addDiagnosisToOfficeVisit(double,long)", "OfficeVisitDAO.removeDiagnosisFromOfficeVisit(long)", "OfficeVisitDAO.addLabProcedureToOfficeVisit(String,long,long)", "OfficeVisitDAO.removeLabProcedureFromOfficeVisit(long)", "OfficeVisitDAO.checkOfficeVisitExists(long,long)", "OfficeVisitDAO.getAllOfficeVisits(long)", "OfficeVisitDAO.getAllOfficeVisitsForLHCP(long)", "OfficeVisitDAO.getOfficeVisitsWithNoSurvey(long)", "OfficeVisitDAO.getPrescriptionReportsByDate(long,String,String)", "OfficeVisitDAO.getPrescriptionReports(List,long)", "OfficeVisitDAO.getOfficeVisitsFromHospital(String)", "OfficeVisitDAO.getAllOfficeVisitsForDiagnosis(String)"], "AccessDAO.java": ["AccessDAO.getSessionTimeoutMins()", "AccessDAO.setSessionTimeoutMins(int)"], "TransactionDAO.java": ["TransactionDAO.getAllTransactions()", "TransactionDAO.logTransaction(TransactionType,long)", "TransactionDAO.logTransaction(TransactionType,long,long,String)", "TransactionDAO.getAllRecordAccesses(long,boolean)", "TransactionDAO.getTransactionsFor(String,String,Date,Date,TransactionType)", "TransactionDAO.getRecordAccesses(long,java,java,boolean)", "TransactionDAO.getOperationalProfile()"], "AuthDAO.java": ["AuthDAO.addUser(Long,Role,String)", "AuthDAO.setSecurityQuestionAnswer(String,String,long)", "AuthDAO.getUserName(long)", "AuthDAO.getUserRole(long)", "AuthDAO.resetPassword(long,String)", "AuthDAO.getSecurityQuestion(long)", "AuthDAO.getSecurityAnswer(long)", "AuthDAO.recordLoginFailure(String)", "AuthDAO.recordResetPasswordFailure(String)", "AuthDAO.getResetPasswordFailures(String)", "AuthDAO.getLoginFailures(String)", "AuthDAO.resetLoginFailuresToZero(String)", "AuthDAO.checkUserExists(long)"], "DAOFactory.java": ["DAOFactory.getProductionInstance()", "DAOFactory.getConnection()", "DAOFactory.getAccessDAO()", "DAOFactory.getAllergyDAO()", "DAOFactory.getApptDAO()", "DAOFactory.getApptTypeDAO()", "DAOFactory.getAuthDAO()", "DAOFactory.getCPTCodesDAO()", "DAOFactory.getDrugInteractionDAO()", "DAOFactory.getFamilyDAO()", "DAOFactory.getHealthRecordsDAO()", "DAOFactory.getHospitalsDAO()", "DAOFactory.getICDCodesDAO()", "DAOFactory.getNDCodesDAO()", "DAOFactory.getOfficeVisitDAO()", "DAOFactory.getPatientDAO()", "DAOFactory.getPersonnelDAO()", "DAOFactory.getReferralDAO()", "DAOFactory.getRiskDAO()", "DAOFactory.getTransactionDAO()", "DAOFactory.getVisitRemindersDAO()", "DAOFactory.getFakeEmailDAO()", "DAOFactory.getReportRequestDAO()", "DAOFactory.getSurveyDAO()", "DAOFactory.getLabProcedureDAO()", "DAOFactory.getLOINCDAO()", "DAOFactory.getSurveyResultDAO()", "DAOFactory.getMessageDAO()", "DAOFactory.getAdverseEventDAO()", "DAOFactory.getRemoteMonitoringDAO()"], "ProductionConnectionDriver.java": ["ProductionConnectionDriver.getConnection()"], "IConnectionDriver.java": ["IConnectionDriver.getConnection()"], "EmailUtil.java": ["EmailUtil.sendEmail(Email)"], "ICD9CMLink.java": ["ICD9CMLink.doStartTag()", "ICD9CMLink.doEndTag()", "ICD9CMLink.release()", "ICD9CMLink.setPageContext(PageContext)", "ICD9CMLink.setParent(Tag)", "ICD9CMLink.getParent()", "ICD9CMLink.getCode()", "ICD9CMLink.setCode(String)", "ICD9CMLink.setCode(double)"], "StateSelect.java": ["StateSelect.doStartTag()", "StateSelect.doEndTag()", "StateSelect.release()", "StateSelect.setPageContext(PageContext)", "StateSelect.setParent(Tag)", "StateSelect.getParent()", "StateSelect.getName()", "StateSelect.setName(String)", "StateSelect.getValue()", "StateSelect.setValue(String)"], "PatientNavigation.java": ["PatientNavigation.doStartTag()", "PatientNavigation.doEndTag()", "PatientNavigation.release()", "PatientNavigation.setPageContext(PageContext)", "PatientNavigation.setParent(Tag)", "PatientNavigation.getParent()", "PatientNavigation.getThisTitle()", "PatientNavigation.setThisTitle(String)"], "Role.java": ["Role.getDBTable()", "Role.getUserRolesString()", "Role.parse(String)"], "Ethnicity.java": ["Ethnicity.getName()", "Ethnicity.toString()", "Ethnicity.parse(String)"], "Gender.java": ["Gender.getName()", "Gender.toString()", "Gender.parse(String)"], "State.java": ["State.getName()", "State.getAbbrev()", "State.toString()", "State.parse(String)"], "BloodType.java": ["BloodType.getName()", "BloodType.toString()", "BloodType.parse(String)"], "TransactionType.java": ["TransactionType.getCode()", "TransactionType.getDescription()", "TransactionType.parse(int)"], "PrescriptionAlerts.java": ["PrescriptionAlerts.getName()", "PrescriptionAlerts.getNDCode()", "PrescriptionAlerts.isAlert(String)"], "SessionTimeoutListener.java": ["SessionTimeoutListener.sessionCreated(HttpSessionEvent)", "SessionTimeoutListener.sessionDestroyed(HttpSessionEvent)"], "LabProcUAPAction.java": ["LabProcUAPAction.updateProcedure(LabProcedureBean)", "LabProcUAPAction.viewProcedures(long)"], "UpdateLOINCListAction.java": ["UpdateLOINCListAction.add(LOINCbean)", "UpdateLOINCListAction.updateInformation(LOINCbean)"], "ViewMyRecordsAction.java": ["ViewMyRecordsAction.representPatient(String)", "ViewMyRecordsAction.getPatient()", "ViewMyRecordsAction.getPatient(long)", "ViewMyRecordsAction.getPersonnel(long)", "ViewMyRecordsAction.getEmailHistory()", "ViewMyRecordsAction.getAllergies()", "ViewMyRecordsAction.getFamily()", "ViewMyRecordsAction.getFamilyHistory()", "ViewMyRecordsAction.getAllHealthRecords()", "ViewMyRecordsAction.getFamilyHealthRecords(long)", "ViewMyRecordsAction.getAllOfficeVisits()", "ViewMyRecordsAction.getCompleteOfficeVisit(long)", "ViewMyRecordsAction.getRepresented()", "ViewMyRecordsAction.getRepresenting()", "ViewMyRecordsAction.isSurveyCompleted(long)", "ViewMyRecordsAction.getLabs()", "ViewMyRecordsAction.getReportRequests()", "ViewMyRecordsAction.doesFamilyMemberHaveHighBP(FamilyMemberBean)", "ViewMyRecordsAction.doesFamilyMemberHaveHighCholesterol(FamilyMemberBean)", "ViewMyRecordsAction.doesFamilyMemberHaveDiabetes(FamilyMemberBean)", "ViewMyRecordsAction.doesFamilyMemberHaveCancer(FamilyMemberBean)", "ViewMyRecordsAction.doesFamilyMemberHaveHeartDisease(FamilyMemberBean)", "ViewMyRecordsAction.isFamilyMemberSmoker(FamilyMemberBean)", "ViewMyRecordsAction.getFamilyMemberCOD(FamilyMemberBean)"], "AddERespAction.java": ["AddERespAction.add(PersonnelBean)"], "ViewAdverseEventAction.java": ["ViewAdverseEventAction.getAdverseEvent(int)", "ViewAdverseEventAction.getUnremovedAdverseEventsByCode(String)", "ViewAdverseEventAction.getNameForCode(String)"], "ReportAdverseEventAction.java": ["ReportAdverseEventAction.sendMails(List)", "ReportAdverseEventAction.sendMail(AdverseEventBean)", "ReportAdverseEventAction.addReport(AdverseEventBean)"], "ManageHospitalAssignmentsAction.java": ["ManageHospitalAssignmentsAction.getAvailableHospitals(String)", "ManageHospitalAssignmentsAction.getAssignedHospitals(String)", "ManageHospitalAssignmentsAction.assignHCPToHospital(String,String)", "ManageHospitalAssignmentsAction.removeHCPAssignmentToHospital(String,String)", "ManageHospitalAssignmentsAction.removeAllAssignmentsFromHCP(String)", "ManageHospitalAssignmentsAction.checkHCPID(String)"], "ViewMyReportRequestsAction.java": ["ViewMyReportRequestsAction.getAllReportRequestsForRequester()", "ViewMyReportRequestsAction.addReportRequest(long)", "ViewMyReportRequestsAction.getReportRequest(int)", "ViewMyReportRequestsAction.setViewed(int)", "ViewMyReportRequestsAction.getLongStatus(long)"], "AddOfficeVisitAction.java": ["AddOfficeVisitAction.addEmptyOfficeVisit(long)", "AddOfficeVisitAction.getAllOfficeVisits()", "AddOfficeVisitAction.getUserName()"], "EditRepresentativesAction.java": ["EditRepresentativesAction.getRepresented(long)", "EditRepresentativesAction.addRepresentative(String)", "EditRepresentativesAction.removeRepresentative(String)"], "GetUserNameAction.java": ["GetUserNameAction.getUserName(String)"], "ViewMyApptsAction.java": ["ViewMyApptsAction.getMyAppointments()", "ViewMyApptsAction.getName(long)", "ViewMyApptsAction.getAllAppts()"], "AddPatientAction.java": ["AddPatientAction.addPatient(PatientBean)"], "AddApptAction.java": ["AddApptAction.addAppt(ApptBean)", "AddApptAction.getName(long)"], "UpdateNDCodeListAction.java": ["UpdateNDCodeListAction.addNDCode(MedicationBean)", "UpdateNDCodeListAction.updateInformation(MedicationBean)"], "ReferralManagementAction.java": ["ReferralManagementAction.sendReferral(ReferralBean)", "ReferralManagementAction.updateReferral(ReferralBean)", "ReferralManagementAction.getReferralsSentFromMe()", "ReferralManagementAction.getReferralsSentToMe()"], "SurveyAction.java": ["SurveyAction.addSurvey(SurveyBean,long)"], "PatientBaseAction.java": ["PatientBaseAction.getPid()"], "PersonnelBaseAction.java": ["PersonnelBaseAction.getPid()"], "OfficeVisitBaseAction.java": ["OfficeVisitBaseAction.getOvID()", "OfficeVisitBaseAction.encode(String)"], "EmergencyReportAction.java": ["EmergencyReportAction.getPatientName()", "EmergencyReportAction.getPatientAge()", "EmergencyReportAction.getPatientGender()", "EmergencyReportAction.getPatientEmergencyContact()", "EmergencyReportAction.getBloodType()", "EmergencyReportAction.getAllergies()", "EmergencyReportAction.getCurrentPrescriptions()", "EmergencyReportAction.getWarningDiagnoses()", "EmergencyReportAction.getImmunizations()"], "ViewPatientOfficeVisitHistoryAction.java": ["ViewPatientOfficeVisitHistoryAction.getPatients()", "ViewPatientOfficeVisitHistoryAction.getPersonnel()"], "SearchUsersAction.java": ["SearchUsersAction.searchForPersonnelWithName(String,String)", "SearchUsersAction.searchForPatientsWithName(String,String)"], "ViewPrescriptionRenewalNeedsAction.java": ["ViewPrescriptionRenewalNeedsAction.getRenewalNeedsPatients()"], "ViewMyAccessLogAction.java": ["ViewMyAccessLogAction.getAccesses(String,String,boolean)", "ViewMyAccessLogAction.getDefaultStart(List)", "ViewMyAccessLogAction.getDefaultEnd(List)"], "ChronicDiseaseRiskAction.java": ["ChronicDiseaseRiskAction.getPatientID()", "ChronicDiseaseRiskAction.getUserName()", "ChronicDiseaseRiskAction.getDiseasesAtRisk()"], "ViewMyMessagesAction.java": ["ViewMyMessagesAction.getAllMyMessages()", "ViewMyMessagesAction.getAllMyMessagesTimeAscending()", "ViewMyMessagesAction.getAllMyMessagesNameAscending()", "ViewMyMessagesAction.getAllMyMessagesNameDescending()", "ViewMyMessagesAction.getAllMySentMessages()", "ViewMyMessagesAction.getAllMySentMessagesTimeAscending()", "ViewMyMessagesAction.getAllMySentMessagesNameAscending()", "ViewMyMessagesAction.getAllMySentMessagesNameDescending()", "ViewMyMessagesAction.validateAndCreateFilter(String)", "ViewMyMessagesAction.filterMessages(List,String)", "ViewMyMessagesAction.getName(long)", "ViewMyMessagesAction.getPersonnelName(long)", "ViewMyMessagesAction.setRead(MessageBean)"], "EditHealthHistoryAction.java": ["EditHealthHistoryAction.getPatientName()", "EditHealthHistoryAction.addHealthRecord(long,HealthRecordForm)", "EditHealthHistoryAction.getAllHealthRecords(long)"], "MonitorAdverseEventAction.java": ["MonitorAdverseEventAction.getReports(boolean,String,String)", "MonitorAdverseEventAction.getName(long)", "MonitorAdverseEventAction.sendEmail(long,String)", "MonitorAdverseEventAction.remove(int)"], "AddUAPAction.java": ["AddUAPAction.add(PersonnelBean)"], "EditOfficeVisitAction.java": ["EditOfficeVisitAction.getOfficeVisit()", "EditOfficeVisitAction.getLabProcedures(long,long)", "EditOfficeVisitAction.getHospitals(long)", "EditOfficeVisitAction.updateInformation(EditOfficeVisitForm)", "EditOfficeVisitAction.hasInteraction(String,String,String,String)", "EditOfficeVisitAction.isAllergyOnList(String,String)", "EditOfficeVisitAction.makeEmailApp(long,String,String)"], "UpdateHospitalListAction.java": ["UpdateHospitalListAction.addHospital(HospitalBean)", "UpdateHospitalListAction.updateInformation(HospitalBean)"], "LoginFailureAction.java": ["LoginFailureAction.recordLoginFailure()", "LoginFailureAction.isValidForLogin()"], "AddHCPAction.java": ["AddHCPAction.add(PersonnelBean)"], "ViewMyRemoteMonitoringListAction.java": ["ViewMyRemoteMonitoringListAction.getPatientsData()", "ViewMyRemoteMonitoringListAction.getPatientDataByDate(long,String,String)", "ViewMyRemoteMonitoringListAction.getPatientDataWithoutLogging()", "ViewMyRemoteMonitoringListAction.getPatientName(long)"], "PrescriptionReportAction.java": ["PrescriptionReportAction.representPatient(String)", "PrescriptionReportAction.getAllOfficeVisits()", "PrescriptionReportAction.getPrescriptionReports(Map,List)", "PrescriptionReportAction.getPatient()", "PrescriptionReportAction.getQueryString(Map,List)"], "EditPatientAction.java": ["EditPatientAction.updateInformation(PatientBean)", "EditPatientAction.getPatient()", "EditPatientAction.editMessageFilter(String)"], "EditMonitoringListAction.java": ["EditMonitoringListAction.addToList(long)", "EditMonitoringListAction.removeFromList(long)", "EditMonitoringListAction.isPatientInList(long)", "EditMonitoringListAction.getPatientName(long)"], "DeclareHCPAction.java": ["DeclareHCPAction.getDeclaredHCPS()", "DeclareHCPAction.declareHCP(String)", "DeclareHCPAction.undeclareHCP(String)"], "EditPHRAction.java": ["EditPHRAction.updateAllergies(long,String)", "EditPHRAction.getPatient()", "EditPHRAction.getAllergies()", "EditPHRAction.getFamily()", "EditPHRAction.getAllHealthRecords()", "EditPHRAction.getAllOfficeVisits()", "EditPHRAction.getCompleteOfficeVisit(long)", "EditPHRAction.getDiseasesAtRisk()", "EditPHRAction.doesFamilyMemberHaveHighBP(FamilyMemberBean)", "EditPHRAction.doesFamilyMemberHaveHighCholesterol(FamilyMemberBean)", "EditPHRAction.doesFamilyMemberHaveDiabetes(FamilyMemberBean)", "EditPHRAction.doesFamilyMemberHaveCancer(FamilyMemberBean)", "EditPHRAction.doesFamilyMemberHaveHeartDisease(FamilyMemberBean)", "EditPHRAction.isFamilyMemberSmoker(FamilyMemberBean)", "EditPHRAction.getFamilyMemberCOD(FamilyMemberBean)"], "ViewVisitedHCPsAction.java": ["ViewVisitedHCPsAction.getVisitedHCPs()", "ViewVisitedHCPsAction.undeclareHCP(String)", "ViewVisitedHCPsAction.declareHCP(String)", "ViewVisitedHCPsAction.checkDeclared(long)", "ViewVisitedHCPsAction.filterHCPList(String,String,String)"], "EditPrescriptionAction.java": ["EditPrescriptionAction.editPrescription(PrescriptionBean)"], "AddPHAAction.java": ["AddPHAAction.add(PersonnelBean)"], "ViewReportAction.java": ["ViewReportAction.getDiagnoses(long)", "ViewReportAction.getProcedures(long)", "ViewReportAction.getPrescriptions(long)", "ViewReportAction.getDeclaredHCPs(long)", "ViewReportAction.getPersonnel(long)"], "ViewSurveyResultAction.java": ["ViewSurveyResultAction.getSurveyResultsForHospital(SurveyResultBean)", "ViewSurveyResultAction.getSurveyResultsForZip(SurveyResultBean)"], "LabProcHCPAction.java": ["LabProcHCPAction.sortByLOINC(long)", "LabProcHCPAction.getLabProcForNextMonth()", "LabProcHCPAction.changePrivacy(long)", "LabProcHCPAction.checkAccess(long)"], "ViewPrescriptionRecordsAction.java": ["ViewPrescriptionRecordsAction.getPatient(long)", "ViewPrescriptionRecordsAction.getRepresentees()", "ViewPrescriptionRecordsAction.getPrescribingDoctor(PrescriptionBean)", "ViewPrescriptionRecordsAction.getPrescriptionsForPatient(long)"], "ViewExpiredPrescriptionsAction.java": ["ViewExpiredPrescriptionsAction.getPatient(long)", "ViewExpiredPrescriptionsAction.getRepresentees()", "ViewExpiredPrescriptionsAction.getPrescribingDoctor(PrescriptionBean)", "ViewExpiredPrescriptionsAction.getPrescriptionsForPatient(long)"], "ResetPasswordAction.java": ["ResetPasswordAction.checkMID(String)", "ResetPasswordAction.isMaxedOut(String)", "ResetPasswordAction.checkRole(long,String)", "ResetPasswordAction.checkAnswerNull(String)", "ResetPasswordAction.getSecurityQuestion(long)", "ResetPasswordAction.resetPassword(long,String,String,String,String,String)"], "EditPersonnelAction.java": ["EditPersonnelAction.updateInformation(PersonnelBean)", "EditPersonnelAction.editMessageFilter(String)"], "MyDiagnosisAction.java": ["MyDiagnosisAction.getDiagnoses()", "MyDiagnosisAction.getHCPByDiagnosis(String)", "MyDiagnosisAction.getPrescriptionsByHCPAndICD(long,String)"], "UpdateICDCodeListAction.java": ["UpdateICDCodeListAction.addICDCode(DiagnosisBean)", "UpdateICDCodeListAction.updateInformation(DiagnosisBean)"], "AddRemoteMonitoringDataAction.java": ["AddRemoteMonitoringDataAction.addRemoteMonitoringData(int)", "AddRemoteMonitoringDataAction.addRemoteMonitoringData(int,int)", "AddRemoteMonitoringDataAction.addRemoteMonitoringData(int,int,int)", "AddRemoteMonitoringDataAction.getPatientName(long)"], "EditApptTypeAction.java": ["EditApptTypeAction.getApptTypes()", "EditApptTypeAction.addApptType(ApptTypeBean)", "EditApptTypeAction.editApptType(ApptTypeBean)", "EditApptTypeAction.getDurationByType(String)"], "SendMessageAction.java": ["SendMessageAction.sendMessage(MessageBean)", "SendMessageAction.getPatientName(long)", "SendMessageAction.getPersonnelName(long)", "SendMessageAction.getMyRepresentees()", "SendMessageAction.getMyDLHCPs()", "SendMessageAction.getDLHCPsFor(long)"], "GenerateCalendarAction.java": ["GenerateCalendarAction.getSend()", "GenerateCalendarAction.getConflicts()", "GenerateCalendarAction.getApptsTable(int,int)", "GenerateCalendarAction.getOfficeVisitsTable(int,int)", "GenerateCalendarAction.getLabProceduresTable(int,int)"], "ViewPersonnelAction.java": ["ViewPersonnelAction.getPersonnel(String)", "ViewPersonnelAction.getEmailHistory()"], "GetVisitRemindersAction.java": ["GetVisitRemindersAction.getVisitReminders(ReminderType)", "GetVisitRemindersAction.testHPV(int,long,long)", "GetVisitRemindersAction.testHepA(int,long,long)", "GetVisitRemindersAction.testVaricella(int,long,long)", "GetVisitRemindersAction.testMeasles(int,long,long)", "GetVisitRemindersAction.testPolio(int,long,long)", "GetVisitRemindersAction.testPneumo(int,long,long,long)", "GetVisitRemindersAction.testHaemoFlu(int,long,long,long)", "GetVisitRemindersAction.testDipTet(int,long,long)", "GetVisitRemindersAction.testRotaVirus(int,long,long)", "GetVisitRemindersAction.testHepB(int,long,long)"], "ChangeSessionTimeoutAction.java": ["ChangeSessionTimeoutAction.changeSessionTimeout(String)", "ChangeSessionTimeoutAction.getSessionTimeout()"], "DrugInteractionAction.java": ["DrugInteractionAction.reportInteraction(String,String,String)", "DrugInteractionAction.deleteInteraction(String,String)", "DrugInteractionAction.getInteractions(String)"], "ViewOfficeVisitAction.java": ["ViewOfficeVisitAction.getOfficeVisit()", "ViewOfficeVisitAction.getPrescriptions()", "ViewOfficeVisitAction.getHCPName(long)"], "UpdateCPTCodeListAction.java": ["UpdateCPTCodeListAction.addCPTCode(ProcedureBean)", "UpdateCPTCodeListAction.updateInformation(ProcedureBean)"], "SetSecurityQuestionAction.java": ["SetSecurityQuestionAction.updateInformation(SecurityQA)", "SetSecurityQuestionAction.retrieveInformation()"], "Messages.java": ["Messages.getString(String)"], "MailValidator.java": ["MailValidator.validateEmail(String)"], "AllergyBeanValidator.java": ["AllergyBeanValidator.validate(AllergyBean)"], "PatientValidator.java": ["PatientValidator.validate(PatientBean)"], "ApptBeanValidator.java": ["ApptBeanValidator.validate(ApptBean)"], "ProcedureBeanValidator.java": ["ProcedureBeanValidator.validate(ProcedureBean)"], "AdverseEventValidator.java": ["AdverseEventValidator.validate(AdverseEventBean)"], "EMailValidator.java": ["EMailValidator.validate(MessageBean)"], "HospitalBeanValidator.java": ["HospitalBeanValidator.validate(HospitalBean)"], "MedicationBeanValidator.java": ["MedicationBeanValidator.validate(MedicationBean)"], "EditOfficeVisitValidator.java": ["EditOfficeVisitValidator.validate(EditOfficeVisitForm)"], "PersonnelValidator.java": ["PersonnelValidator.validate(PersonnelBean)"], "ApptTypeBeanValidator.java": ["ApptTypeBeanValidator.validate(ApptTypeBean)"], "ValidationFormat.java": ["ValidationFormat.getRegex()", "ValidationFormat.getDescription()"], "DiagnosisBeanValidator.java": ["DiagnosisBeanValidator.validate(DiagnosisBean)"], "MessageValidator.java": ["MessageValidator.validate(MessageBean)"], "RemoteMonitoringDataBeanValidator.java": ["RemoteMonitoringDataBeanValidator.validate(RemoteMonitoringDataBean)"], "SecurityQAValidator.java": ["SecurityQAValidator.validate(SecurityQA)"], "BeanValidator.java": ["BeanValidator.validate(T)"], "DrugInteractionValidator.java": ["DrugInteractionValidator.validate(DrugInteractionBean)"], "AddPersonnelValidator.java": ["AddPersonnelValidator.validate(PersonnelBean)"], "AddPatientValidator.java": ["AddPatientValidator.validate(PatientBean)"], "SurveySearchValidator.java": ["SurveySearchValidator.validate(SurveyResultBean)"], "LabProcedureValidator.java": ["LabProcedureValidator.validate(LabProcedureBean)"], "LOINCBeanValidator.java": ["LOINCBeanValidator.validate(LOINCbean)"], "HealthRecordFormValidator.java": ["HealthRecordFormValidator.validate(HealthRecordForm)"], "AllergyBean.java": ["AllergyBean.getDescription()", "AllergyBean.setDescription(String)", "AllergyBean.getFirstFound()", "AllergyBean.setFirstFound(Date)", "AllergyBean.setId(long)", "AllergyBean.toString()", "AllergyBean.getPatientID()", "AllergyBean.setPatientID(long)", "AllergyBean.getFirstFoundStr()"], "AdverseEventBean.java": ["AdverseEventBean.getPrescriber()", "AdverseEventBean.setPrescriber(String)", "AdverseEventBean.getStatus()", "AdverseEventBean.setStatus(String)", "AdverseEventBean.setId(int)", "AdverseEventBean.getDate()", "AdverseEventBean.setDate(String)", "AdverseEventBean.getCode()", "AdverseEventBean.setCode(String)", "AdverseEventBean.getMID()", "AdverseEventBean.setMID(String)", "AdverseEventBean.getDrug()", "AdverseEventBean.setDrug(String)", "AdverseEventBean.getDescription()", "AdverseEventBean.setDescription(String)"], "HCPDiagnosisBean.java": ["HCPDiagnosisBean.getHCP()", "HCPDiagnosisBean.setHCP(long)", "HCPDiagnosisBean.getHCPName()", "HCPDiagnosisBean.setHCPName(String)", "HCPDiagnosisBean.getNumPatients()", "HCPDiagnosisBean.incNumPatients()", "HCPDiagnosisBean.getMedList()", "HCPDiagnosisBean.setMedList(List)", "HCPDiagnosisBean.getLabList()", "HCPDiagnosisBean.setLabList(List)", "HCPDiagnosisBean.getVisitSatisfaction()", "HCPDiagnosisBean.setVisitSat(int)", "HCPDiagnosisBean.getTreatmentSatisfaction()", "HCPDiagnosisBean.setTreatmentSat(int)"], "VisitFlag.java": ["VisitFlag.getType()", "VisitFlag.setType(String)", "VisitFlag.getValue()", "VisitFlag.setValue(String)"], "HCPVisitBean.java": ["HCPVisitBean.setHCPMID(long)", "HCPVisitBean.getHCPMID()", "HCPVisitBean.getHCPName()", "HCPVisitBean.setHCPName(String)", "HCPVisitBean.getHCPSpecialty()", "HCPVisitBean.setHCPSpecialty(String)", "HCPVisitBean.getHCPAddr()", "HCPVisitBean.setHCPAddr(String)", "HCPVisitBean.getOVDate()", "HCPVisitBean.setOVDate(String)", "HCPVisitBean.isDesignated()", "HCPVisitBean.setDesignated(boolean)"], "MedicationBean.java": ["MedicationBean.getNDCode()", "MedicationBean.setNDCode(String)", "MedicationBean.getDescription()", "MedicationBean.setDescription(String)", "MedicationBean.getNDCodeFormatted()", "MedicationBean.equals(Object)", "MedicationBean.hashCode()"], "HospitalBean.java": ["HospitalBean.getHospitalID()", "HospitalBean.setHospitalID(String)", "HospitalBean.getHospitalName()", "HospitalBean.setHospitalName(String)", "HospitalBean.equals(Object)", "HospitalBean.hashCode()"], "FamilyMemberBean.java": ["FamilyMemberBean.getFirstName()", "FamilyMemberBean.setFirstName(String)", "FamilyMemberBean.getLastName()", "FamilyMemberBean.setLastName(String)", "FamilyMemberBean.getFullName()", "FamilyMemberBean.getMid()", "FamilyMemberBean.setMid(long)", "FamilyMemberBean.getRelation()", "FamilyMemberBean.setRelation(String)"], "LOINCbean.java": ["LOINCbean.getLabProcedureCode()", "LOINCbean.setLabProcedureCode(String)", "LOINCbean.getComponent()", "LOINCbean.setComponent(String)", "LOINCbean.getKindOfProperty()", "LOINCbean.setKindOfProperty(String)", "LOINCbean.getTimeAspect()", "LOINCbean.setTimeAspect(String)", "LOINCbean.getSystem()", "LOINCbean.setSystem(String)", "LOINCbean.getScaleType()", "LOINCbean.setScaleType(String)", "LOINCbean.getMethodType()", "LOINCbean.setMethodType(String)"], "ReportRequestBean.java": ["ReportRequestBean.getID()", "ReportRequestBean.setRequesterMID(long)", "ReportRequestBean.getRequesterMID()", "ReportRequestBean.setPatientMID(long)", "ReportRequestBean.getPatientMID()", "ReportRequestBean.setRequestedDate(Date)", "ReportRequestBean.setRequestedDateString(String)", "ReportRequestBean.getRequestedDate()", "ReportRequestBean.getRequestedDateString()", "ReportRequestBean.setViewedDate(Date)", "ReportRequestBean.setViewedDateString(String)", "ReportRequestBean.getViewedDate()", "ReportRequestBean.getViewedDateString()", "ReportRequestBean.setStatus(String)", "ReportRequestBean.getStatus()"], "PersonnelBean.java": ["PersonnelBean.getMessageFilter()", "PersonnelBean.setMessageFilter(String)", "PersonnelBean.getEmail()", "PersonnelBean.setEmail(String)", "PersonnelBean.getAMID()", "PersonnelBean.setAMID(long)", "PersonnelBean.getCity()", "PersonnelBean.setCity(String)", "PersonnelBean.getConfirmPassword()", "PersonnelBean.setConfirmPassword(String)", "PersonnelBean.getFirstName()", "PersonnelBean.setFirstName(String)", "PersonnelBean.getLastName()", "PersonnelBean.setLastName(String)", "PersonnelBean.getFullName()", "PersonnelBean.getMID()", "PersonnelBean.setMID(long)", "PersonnelBean.getPassword()", "PersonnelBean.setPassword(String)", "PersonnelBean.getPhone()", "PersonnelBean.getPhone1()", "PersonnelBean.setPhone1(String)", "PersonnelBean.getPhone2()", "PersonnelBean.setPhone2(String)", "PersonnelBean.getPhone3()", "PersonnelBean.setPhone3(String)", "PersonnelBean.getRole()", "PersonnelBean.setRole(Role)", "PersonnelBean.getSecurityAnswer()", "PersonnelBean.setSecurityAnswer(String)", "PersonnelBean.getSecurityQuestion()", "PersonnelBean.setSecurityQuestion(String)", "PersonnelBean.getState()", "PersonnelBean.setState(String)", "PersonnelBean.getStreetAddress1()", "PersonnelBean.setStreetAddress1(String)", "PersonnelBean.getStreetAddress2()", "PersonnelBean.setStreetAddress2(String)", "PersonnelBean.getZip()", "PersonnelBean.getZip1()", "PersonnelBean.setZip1(String)", "PersonnelBean.getZip2()", "PersonnelBean.setZip2(String)", "PersonnelBean.getSpecialty()", "PersonnelBean.setSpecialty(String)", "PersonnelBean.getIndexIn(List)"], "TransactionBean.java": ["TransactionBean.getRole()", "TransactionBean.setRole(String)", "TransactionBean.getAddedInfo()", "TransactionBean.setAddedInfo(String)", "TransactionBean.getLoggedInMID()", "TransactionBean.setLoggedInMID(long)", "TransactionBean.getSecondaryMID()", "TransactionBean.setSecondaryMID(long)", "TransactionBean.getTimeLogged()", "TransactionBean.setTimeLogged(Timestamp)", "TransactionBean.getTransactionType()", "TransactionBean.setTransactionType(TransactionType)", "TransactionBean.getTransactionID()", "TransactionBean.setTransactionID(long)"], "PatientVisitBean.java": ["PatientVisitBean.getLastOVDate()", "PatientVisitBean.setLastOVDate(String)", "PatientVisitBean.getLastOVDateM()", "PatientVisitBean.setLastOVDateM(String)", "PatientVisitBean.getLastOVDateD()", "PatientVisitBean.setLastOVDateD(String)", "PatientVisitBean.getLastOVDateY()", "PatientVisitBean.setLastOVDateY(String)", "PatientVisitBean.getPatientName()", "PatientVisitBean.setPatientName(String)", "PatientVisitBean.getAddress1()", "PatientVisitBean.setAddress1(String)", "PatientVisitBean.getAddress2()", "PatientVisitBean.setAddress2(String)", "PatientVisitBean.getPatient()", "PatientVisitBean.setPatient(PatientBean)"], "DrugInteractionBean.java": ["DrugInteractionBean.getFirstDrug()", "DrugInteractionBean.setFirstDrug(String)", "DrugInteractionBean.getSecondDrug()", "DrugInteractionBean.setSecondDrug(String)", "DrugInteractionBean.getDescription()", "DrugInteractionBean.setDescription(String)"], "OperationalProfile.java": ["OperationalProfile.getTotalCount()", "OperationalProfile.setTotalCount(HashMap)", "OperationalProfile.getPersonnelCount()", "OperationalProfile.setPersonnelCount(HashMap)", "OperationalProfile.getPatientCount()", "OperationalProfile.setPatientCount(HashMap)", "OperationalProfile.setNumTotalTransactions(int)", "OperationalProfile.getNumTotalTransactions()", "OperationalProfile.getNumPatientTransactions()", "OperationalProfile.setNumPatientTransactions(int)", "OperationalProfile.getNumPersonnelTransactions()", "OperationalProfile.setNumPersonnelTransactions(int)"], "RemoteMonitoringDataBean.java": ["RemoteMonitoringDataBean.getReporterMID()", "RemoteMonitoringDataBean.setReporterMID(long)", "RemoteMonitoringDataBean.getPatientMID()", "RemoteMonitoringDataBean.setLoggedInMID(long)", "RemoteMonitoringDataBean.getTime()", "RemoteMonitoringDataBean.setTime(Timestamp)", "RemoteMonitoringDataBean.getSystolicBloodPressure()", "RemoteMonitoringDataBean.setSystolicBloodPressure(int)", "RemoteMonitoringDataBean.getDiastolicBloodPressure()", "RemoteMonitoringDataBean.setDiastolicBloodPressure(int)", "RemoteMonitoringDataBean.getGlucoseLevel()", "RemoteMonitoringDataBean.setGlucoseLevel(int)", "RemoteMonitoringDataBean.getReporterRole()", "RemoteMonitoringDataBean.setReporterRole(String)"], "ReferralBean.java": ["ReferralBean.equals(Object)", "ReferralBean.hashCode()", "ReferralBean.setId(long)", "ReferralBean.getSenderID()", "ReferralBean.setSenderID(long)", "ReferralBean.getReceiverID()", "ReferralBean.setReceiverID(long)", "ReferralBean.getReferralDetails()", "ReferralBean.setReferralDetails(String)", "ReferralBean.getConsultationDetails()", "ReferralBean.setConsultationDetails(String)", "ReferralBean.getStatus()", "ReferralBean.setStatus(ReferralStatus)", "ReferralBean.getPatientID()", "ReferralBean.setPatientID(long)"], "HealthRecord.java": ["HealthRecord.getBloodPressureD()", "HealthRecord.setBloodPressureD(int)", "HealthRecord.setBloodPressureSystolic(int)", "HealthRecord.setBloodPressureDiastolic(int)", "HealthRecord.getBloodPressureN()", "HealthRecord.getBloodPressureSystolic()", "HealthRecord.getBloodPressureDiastolic()", "HealthRecord.setBloodPressureN(int)", "HealthRecord.getBloodPressure()", "HealthRecord.getCholesterolHDL()", "HealthRecord.setCholesterolHDL(int)", "HealthRecord.getCholesterolLDL()", "HealthRecord.setCholesterolLDL(int)", "HealthRecord.getCholesterolTri()", "HealthRecord.setCholesterolTri(int)", "HealthRecord.getTotalCholesterol()", "HealthRecord.getDateRecorded()", "HealthRecord.setDateRecorded(Timestamp)", "HealthRecord.getHeight()", "HealthRecord.setHeight(double)", "HealthRecord.getPatientID()", "HealthRecord.setPatientID(long)", "HealthRecord.getPersonnelID()", "HealthRecord.setPersonnelID(long)", "HealthRecord.isSmoker()", "HealthRecord.setSmoker(boolean)", "HealthRecord.getWeight()", "HealthRecord.setWeight(double)", "HealthRecord.getBodyMassIndex()"], "DiagnosisBean.java": ["DiagnosisBean.getICDCode()", "DiagnosisBean.setICDCode(String)", "DiagnosisBean.getClassification()", "DiagnosisBean.getDescription()", "DiagnosisBean.setDescription(String)", "DiagnosisBean.getFormattedDescription()", "DiagnosisBean.getOvDiagnosisID()", "DiagnosisBean.setOvDiagnosisID(long)", "DiagnosisBean.setVisitID(long)", "DiagnosisBean.getVisitID()"], "EditOfficeVisitForm.java": ["EditOfficeVisitForm.getAddDiagID()", "EditOfficeVisitForm.setAddDiagID(String)", "EditOfficeVisitForm.getAddLabProcID()", "EditOfficeVisitForm.setAddLabProcID(String)", "EditOfficeVisitForm.getAddMedID()", "EditOfficeVisitForm.setAddMedID(String)", "EditOfficeVisitForm.getAddProcID()", "EditOfficeVisitForm.setAddProcID(String)", "EditOfficeVisitForm.getAddImmunizationID()", "EditOfficeVisitForm.setAddImmunizationID(String)", "EditOfficeVisitForm.getNotes()", "EditOfficeVisitForm.setNotes(String)", "EditOfficeVisitForm.getOvID()", "EditOfficeVisitForm.setOvID(String)", "EditOfficeVisitForm.getRemoveLabProcID()", "EditOfficeVisitForm.setRemoveLabProcID(String)", "EditOfficeVisitForm.getRemoveDiagID()", "EditOfficeVisitForm.setRemoveDiagID(String)", "EditOfficeVisitForm.getRemoveMedID()", "EditOfficeVisitForm.setRemoveMedID(String)", "EditOfficeVisitForm.getRemoveProcID()", "EditOfficeVisitForm.setRemoveProcID(String)", "EditOfficeVisitForm.getRemoveImmunizationID()", "EditOfficeVisitForm.setRemoveImmunizationID(String)", "EditOfficeVisitForm.getVisitDate()", "EditOfficeVisitForm.setVisitDate(String)", "EditOfficeVisitForm.getHcpID()", "EditOfficeVisitForm.setHcpID(String)", "EditOfficeVisitForm.getPatientID()", "EditOfficeVisitForm.setPatientID(String)", "EditOfficeVisitForm.getHospitalID()", "EditOfficeVisitForm.setHospitalID(String)", "EditOfficeVisitForm.getDosage()", "EditOfficeVisitForm.setDosage(String)", "EditOfficeVisitForm.getEndDate()", "EditOfficeVisitForm.setEndDate(String)", "EditOfficeVisitForm.getInstructions()", "EditOfficeVisitForm.setInstructions(String)", "EditOfficeVisitForm.getStartDate()", "EditOfficeVisitForm.setStartDate(String)", "EditOfficeVisitForm.getCauseOfDeath()", "EditOfficeVisitForm.setCauseOfDeath(String)"], "HealthRecordForm.java": ["HealthRecordForm.getBloodPressureD()", "HealthRecordForm.setBloodPressureD(String)", "HealthRecordForm.getBloodPressureN()", "HealthRecordForm.setBloodPressureN(String)", "HealthRecordForm.getCholesterolHDL()", "HealthRecordForm.setCholesterolHDL(String)", "HealthRecordForm.getCholesterolLDL()", "HealthRecordForm.setCholesterolLDL(String)", "HealthRecordForm.getCholesterolTri()", "HealthRecordForm.setCholesterolTri(String)", "HealthRecordForm.getHeight()", "HealthRecordForm.setHeight(String)", "HealthRecordForm.getIsSmoker()", "HealthRecordForm.setIsSmoker(String)", "HealthRecordForm.getWeight()", "HealthRecordForm.setWeight(String)"], "VisitReminderReturnForm.java": ["VisitReminderReturnForm.getHcpID()", "VisitReminderReturnForm.setHcpID(long)", "VisitReminderReturnForm.getPatientID()", "VisitReminderReturnForm.setPatientID(long)", "VisitReminderReturnForm.getLastName()", "VisitReminderReturnForm.setLastName(String)", "VisitReminderReturnForm.getFirstName()", "VisitReminderReturnForm.setFirstName(String)", "VisitReminderReturnForm.getPhoneNumber()", "VisitReminderReturnForm.setPhoneNumber(String,String,String)", "VisitReminderReturnForm.getVisitFlags()", "VisitReminderReturnForm.setVisitFlags(VisitFlag[])", "VisitReminderReturnForm.addVisitFlag(VisitFlag)"], "ApptTypeBean.java": ["ApptTypeBean.getName()", "ApptTypeBean.setName(String)", "ApptTypeBean.getDuration()", "ApptTypeBean.setDuration(int)"], "OfficeVisitLoader.java": ["OfficeVisitLoader.loadList(ResultSet)", "OfficeVisitLoader.loadSingle(ResultSet)", "OfficeVisitLoader.loadParameters(PreparedStatement,OfficeVisitBean)"], "BeanLoader.java": ["BeanLoader.loadList(ResultSet)", "BeanLoader.loadSingle(ResultSet)", "BeanLoader.loadParameters(PreparedStatement,T)"], "HealthRecordsBeanLoader.java": ["HealthRecordsBeanLoader.loadList(ResultSet)", "HealthRecordsBeanLoader.loadParameters(PreparedStatement,HealthRecord)", "HealthRecordsBeanLoader.loadSingle(ResultSet)"], "ApptTypeBeanLoader.java": ["ApptTypeBeanLoader.loadList(ResultSet)", "ApptTypeBeanLoader.loadParameters(PreparedStatement,ApptTypeBean)", "ApptTypeBeanLoader.loadSingle(ResultSet)"], "ReportRequestBeanLoader.java": ["ReportRequestBeanLoader.loadList(ResultSet)", "ReportRequestBeanLoader.loadSingle(ResultSet)", "ReportRequestBeanLoader.loadParameters(PreparedStatement,ReportRequestBean)"], "ProcedureBeanLoader.java": ["ProcedureBeanLoader.loadList(ResultSet)", "ProcedureBeanLoader.loadSingle(ResultSet)", "ProcedureBeanLoader.loadParameters(PreparedStatement,ProcedureBean)"], "DrugInteractionBeanLoader.java": ["DrugInteractionBeanLoader.loadList(ResultSet)", "DrugInteractionBeanLoader.loadSingle(ResultSet)", "DrugInteractionBeanLoader.loadParameters(PreparedStatement,DrugInteractionBean)"], "PersonnelLoader.java": ["PersonnelLoader.loadList(ResultSet)", "PersonnelLoader.loadSingle(ResultSet)", "PersonnelLoader.loadParameters(PreparedStatement,PersonnelBean)"], "RemoteMonitoringDataBeanLoader.java": ["RemoteMonitoringDataBeanLoader.loadList(ResultSet)", "RemoteMonitoringDataBeanLoader.loadParameters(PreparedStatement,RemoteMonitoringDataBean)", "RemoteMonitoringDataBeanLoader.loadSingle(ResultSet)"], "HospitalBeanLoader.java": ["HospitalBeanLoader.loadList(ResultSet)", "HospitalBeanLoader.loadSingle(ResultSet)", "HospitalBeanLoader.loadParameters(PreparedStatement,HospitalBean)"], "MedicationBeanLoader.java": ["MedicationBeanLoader.loadList(ResultSet)", "MedicationBeanLoader.loadSingle(ResultSet)", "MedicationBeanLoader.loadParameters(PreparedStatement,MedicationBean)"], "PrescriptionReportBeanLoader.java": ["PrescriptionReportBeanLoader.loadList(ResultSet)", "PrescriptionReportBeanLoader.loadSingle(ResultSet)", "PrescriptionReportBeanLoader.loadParameters(PreparedStatement,PrescriptionReportBean)"], "AllergyBeanLoader.java": ["AllergyBeanLoader.loadList(ResultSet)", "AllergyBeanLoader.loadSingle(ResultSet)", "AllergyBeanLoader.loadParameters(PreparedStatement,AllergyBean)"], "AdverseEventBeanLoader.java": ["AdverseEventBeanLoader.loadList(ResultSet)", "AdverseEventBeanLoader.loadSingle(ResultSet)", "AdverseEventBeanLoader.loadParameters(PreparedStatement,AdverseEventBean)"], "ReferralBeanLoader.java": ["ReferralBeanLoader.loadList(ResultSet)", "ReferralBeanLoader.loadSingle(ResultSet)", "ReferralBeanLoader.loadParameters(PreparedStatement,ReferralBean)"], "LOINCBeanLoader.java": ["LOINCBeanLoader.loadList(ResultSet)", "LOINCBeanLoader.loadSingle(ResultSet)", "LOINCBeanLoader.loadParameters(PreparedStatement,LOINCbean)"], "PrescriptionBeanLoader.java": ["PrescriptionBeanLoader.loadList(ResultSet)", "PrescriptionBeanLoader.loadSingle(ResultSet)", "PrescriptionBeanLoader.loadParameters(PreparedStatement,PrescriptionBean)"], "DiagnosisBeanLoader.java": ["DiagnosisBeanLoader.loadList(ResultSet)", "DiagnosisBeanLoader.loadSingle(ResultSet)", "DiagnosisBeanLoader.loadParameters(PreparedStatement,DiagnosisBean)"], "OperationalProfileLoader.java": ["OperationalProfileLoader.loadList(ResultSet)", "OperationalProfileLoader.loadParameters(PreparedStatement,OperationalProfile)", "OperationalProfileLoader.loadSingle(ResultSet)"], "VisitReminderReturnFormLoader.java": ["VisitReminderReturnFormLoader.loadList(ResultSet)", "VisitReminderReturnFormLoader.loadSingle(ResultSet)", "VisitReminderReturnFormLoader.loadParameters(PreparedStatement,VisitReminderReturnForm)"], "EmailBeanLoader.java": ["EmailBeanLoader.loadList(ResultSet)", "EmailBeanLoader.loadParameters(PreparedStatement,Email)", "EmailBeanLoader.loadSingle(ResultSet)"], "SurveyLoader.java": ["SurveyLoader.loadList(ResultSet)", "SurveyLoader.loadParameters(PreparedStatement,SurveyBean)", "SurveyLoader.loadSingle(ResultSet)"], "ApptBeanLoader.java": ["ApptBeanLoader.loadList(ResultSet)", "ApptBeanLoader.loadParameters(PreparedStatement,ApptBean)", "ApptBeanLoader.loadSingle(ResultSet)"], "LabProcedureBeanLoader.java": ["LabProcedureBeanLoader.loadList(ResultSet)", "LabProcedureBeanLoader.loadSingle(ResultSet)", "LabProcedureBeanLoader.loadParameters(PreparedStatement,LabProcedureBean)"], "FamilyBeanLoader.java": ["FamilyBeanLoader.loadList(ResultSet)", "FamilyBeanLoader.loadParameters(PreparedStatement,FamilyMemberBean)", "FamilyBeanLoader.loadSingle(ResultSet)"], "TransactionBeanLoader.java": ["TransactionBeanLoader.loadList(ResultSet)", "TransactionBeanLoader.loadParameters(PreparedStatement,TransactionBean)", "TransactionBeanLoader.loadSingle(ResultSet)"], "MessageBeanLoader.java": ["MessageBeanLoader.loadList(ResultSet)", "MessageBeanLoader.loadParameters(PreparedStatement,MessageBean)", "MessageBeanLoader.loadSingle(ResultSet)"], "SurveyResultBeanLoader.java": ["SurveyResultBeanLoader.loadList(ResultSet)", "SurveyResultBeanLoader.loadParameters(PreparedStatement,SurveyResultBean)", "SurveyResultBeanLoader.loadSingle(ResultSet)"], "PatientLoader.java": ["PatientLoader.loadList(ResultSet)", "PatientLoader.loadSingle(ResultSet)", "PatientLoader.loadParameters(PreparedStatement,PatientBean)"], "OfficeVisitBean.java": ["OfficeVisitBean.getID()", "OfficeVisitBean.getPatientID()", "OfficeVisitBean.getHcpID()", "OfficeVisitBean.getNotes()", "OfficeVisitBean.getVisitDate()", "OfficeVisitBean.getVisitDateStr()", "OfficeVisitBean.getDiagnoses()", "OfficeVisitBean.getPrescriptions()", "OfficeVisitBean.getProcedures()", "OfficeVisitBean.getVisitID()", "OfficeVisitBean.setDiagnoses(List)", "OfficeVisitBean.setHcpID(long)", "OfficeVisitBean.setPrescriptions(List)", "OfficeVisitBean.setNotes(String)", "OfficeVisitBean.setPatientID(long)", "OfficeVisitBean.setProcedures(List)", "OfficeVisitBean.setVisitDateStr(String)", "OfficeVisitBean.getHospitalID()", "OfficeVisitBean.setHospitalID(String)"], "PrescriptionBean.java": ["PrescriptionBean.equals(Object)", "PrescriptionBean.hashCode()", "PrescriptionBean.getDosage()", "PrescriptionBean.setDosage(int)", "PrescriptionBean.getEndDate()", "PrescriptionBean.setEndDateStr(String)", "PrescriptionBean.getInstructions()", "PrescriptionBean.setInstructions(String)", "PrescriptionBean.getMedication()", "PrescriptionBean.setMedication(MedicationBean)", "PrescriptionBean.getStartDate()", "PrescriptionBean.getStartDateStr()", "PrescriptionBean.getEndDateStr()", "PrescriptionBean.setStartDateStr(String)", "PrescriptionBean.getVisitID()", "PrescriptionBean.setVisitID(long)", "PrescriptionBean.setId(long)"], "ApptBean.java": ["ApptBean.getApptType()", "ApptBean.setApptType(String)", "ApptBean.getPatient()", "ApptBean.setPatient(long)", "ApptBean.getHcp()", "ApptBean.setHcp(long)", "ApptBean.getDate()", "ApptBean.setDate(Timestamp)", "ApptBean.getComment()", "ApptBean.setComment(String)"], "PrescriptionReportBean.java": ["PrescriptionReportBean.getPrescription()", "PrescriptionReportBean.setPrescription(PrescriptionBean)", "PrescriptionReportBean.getOfficeVisit()", "PrescriptionReportBean.setOfficeVisit(OfficeVisitBean)"], "SecurityQA.java": ["SecurityQA.getQuestion()", "SecurityQA.setQuestion(String)", "SecurityQA.getAnswer()", "SecurityQA.setAnswer(String)", "SecurityQA.getConfirmAnswer()", "SecurityQA.setConfirmAnswer(String)"], "LabProcedureBean.java": ["LabProcedureBean.getPid()", "LabProcedureBean.setPid(long)", "LabProcedureBean.getProcedureID()", "LabProcedureBean.setProcedureID(long)", "LabProcedureBean.getLoinc()", "LabProcedureBean.setLoinc(String)", "LabProcedureBean.getStatus()", "LabProcedureBean.setStatus(String)", "LabProcedureBean.getCommentary()", "LabProcedureBean.setCommentary(String)", "LabProcedureBean.getResults()", "LabProcedureBean.setResults(String)", "LabProcedureBean.setOvID(long)", "LabProcedureBean.getTimestamp()", "LabProcedureBean.setTimestamp(Timestamp)", "LabProcedureBean.getRights()", "LabProcedureBean.setRights(String)", "LabProcedureBean.allow()", "LabProcedureBean.restrict()", "LabProcedureBean.statusComplete()", "LabProcedureBean.statusPending()", "LabProcedureBean.statusNotReceived()"], "HCPLinkBean.java": ["HCPLinkBean.isChecked()", "HCPLinkBean.setChecked(boolean)", "HCPLinkBean.getCode()", "HCPLinkBean.setCode(String)", "HCPLinkBean.getPrescriberMID()", "HCPLinkBean.setPrescriberMID(long)", "HCPLinkBean.getDrug()", "HCPLinkBean.setDrug(String)"], "PatientBean.java": ["PatientBean.getMessageFilter()", "PatientBean.setMessageFilter(String)", "PatientBean.getBloodType()", "PatientBean.setBloodTypeStr(String)", "PatientBean.setBloodType(BloodType)", "PatientBean.getCauseOfDeath()", "PatientBean.setCauseOfDeath(String)", "PatientBean.getCity()", "PatientBean.setCity(String)", "PatientBean.getDateOfBirthStr()", "PatientBean.getDateOfBirth()", "PatientBean.getDateOfDeath()", "PatientBean.setDateOfBirthStr(String)", "PatientBean.getAge()", "PatientBean.getAgeInDays()", "PatientBean.getAgeInWeeks()", "PatientBean.getDateOfDeathStr()", "PatientBean.setDateOfDeathStr(String)", "PatientBean.getEmail()", "PatientBean.setEmail(String)", "PatientBean.getEmergencyName()", "PatientBean.setEmergencyName(String)", "PatientBean.getEthnicity()", "PatientBean.setEthnicityStr(String)", "PatientBean.setEthnicity(Ethnicity)", "PatientBean.getFatherMID()", "PatientBean.setFatherMID(String)", "PatientBean.getFullName()", "PatientBean.getFirstName()", "PatientBean.setFirstName(String)", "PatientBean.getGender()", "PatientBean.setGenderStr(String)", "PatientBean.setGender(Gender)", "PatientBean.getIcAddress1()", "PatientBean.setIcAddress1(String)", "PatientBean.getIcAddress2()", "PatientBean.setIcAddress2(String)", "PatientBean.getIcAddress3()", "PatientBean.getIcCity()", "PatientBean.setIcCity(String)", "PatientBean.getIcID()", "PatientBean.setIcID(String)", "PatientBean.getCreditCardType()", "PatientBean.setCreditCardType(String)", "PatientBean.getCreditCardNumber()", "PatientBean.setCreditCardNumber(String)", "PatientBean.getIcName()", "PatientBean.setIcName(String)", "PatientBean.getIcZip()", "PatientBean.getIcZip1()", "PatientBean.setIcZip1(String)", "PatientBean.getIcZip2()", "PatientBean.setIcZip2(String)", "PatientBean.getIcState()", "PatientBean.setIcState(String)", "PatientBean.getLastName()", "PatientBean.setLastName(String)", "PatientBean.getMID()", "PatientBean.setMID(long)", "PatientBean.getMotherMID()", "PatientBean.setMotherMID(String)", "PatientBean.getPhone()", "PatientBean.getPhone1()", "PatientBean.getPhone2()", "PatientBean.getPhone3()", "PatientBean.setPhone1(String)", "PatientBean.setPhone2(String)", "PatientBean.setPhone3(String)", "PatientBean.getSecurityAnswer()", "PatientBean.setSecurityAnswer(String)", "PatientBean.getSecurityQuestion()", "PatientBean.setSecurityQuestion(String)", "PatientBean.getState()", "PatientBean.setState(String)", "PatientBean.getStreetAddress1()", "PatientBean.setStreetAddress1(String)", "PatientBean.getStreetAddress2()", "PatientBean.setStreetAddress2(String)", "PatientBean.getStreetAddress3()", "PatientBean.getTopicalNotes()", "PatientBean.setTopicalNotes(String)", "PatientBean.getZip()", "PatientBean.getZip1()", "PatientBean.setZip1(String)", "PatientBean.getZip2()", "PatientBean.setZip2(String)", "PatientBean.getEmergencyPhone()", "PatientBean.getEmergencyPhone1()", "PatientBean.setEmergencyPhone1(String)", "PatientBean.getEmergencyPhone2()", "PatientBean.setEmergencyPhone2(String)", "PatientBean.getEmergencyPhone3()", "PatientBean.setEmergencyPhone3(String)", "PatientBean.getIcPhone()", "PatientBean.getIcPhone1()", "PatientBean.setIcPhone1(String)", "PatientBean.getIcPhone2()", "PatientBean.setIcPhone2(String)", "PatientBean.getIcPhone3()", "PatientBean.setIcPhone3(String)", "PatientBean.getConfirmPassword()", "PatientBean.setConfirmPassword(String)", "PatientBean.getPassword()", "PatientBean.setPassword(String)"], "MessageBean.java": ["MessageBean.getTo()", "MessageBean.setTo(long)", "MessageBean.getMessageId()", "MessageBean.setMessageId(long)", "MessageBean.getParentMessageId()", "MessageBean.setParentMessageId(long)", "MessageBean.getFrom()", "MessageBean.setFrom(long)", "MessageBean.getSubject()", "MessageBean.setSubject(String)", "MessageBean.getBody()", "MessageBean.setBody(String)", "MessageBean.getSentDate()", "MessageBean.setSentDate(Timestamp)", "MessageBean.getRead()", "MessageBean.setRead(int)"], "SurveyResultBean.java": ["SurveyResultBean.setHCPMID(long)", "SurveyResultBean.getHCPMID()", "SurveyResultBean.setHCPFirstName(String)", "SurveyResultBean.getHCPFirstName()", "SurveyResultBean.setHCPLastName(String)", "SurveyResultBean.getHCPLastName()", "SurveyResultBean.setHCPaddress1(String)", "SurveyResultBean.getHCPaddress1()", "SurveyResultBean.setHCPaddress2(String)", "SurveyResultBean.getHCPaddress2()", "SurveyResultBean.setHCPcity(String)", "SurveyResultBean.getHCPcity()", "SurveyResultBean.setHCPstate(String)", "SurveyResultBean.getHCPstate()", "SurveyResultBean.setHCPzip(String)", "SurveyResultBean.getHCPzip()", "SurveyResultBean.setHCPspecialty(String)", "SurveyResultBean.getHCPspecialty()", "SurveyResultBean.setHCPhospital(String)", "SurveyResultBean.getHCPhospital()", "SurveyResultBean.setAvgWaitingRoomMinutes(float)", "SurveyResultBean.getAvgWaitingRoomMinutes()", "SurveyResultBean.setAvgExamRoomMinutes(float)", "SurveyResultBean.getAvgExamRoomMinutes()", "SurveyResultBean.setAvgVisitSatisfaction(float)", "SurveyResultBean.getAvgVisitSatisfaction()", "SurveyResultBean.setAvgTreatmentSatisfaction(float)", "SurveyResultBean.getAvgTreatmentSatisfaction()", "SurveyResultBean.setPercentSatisfactionResults(float)", "SurveyResultBean.getPercentSatisfactionResults()"], "SurveyBean.java": ["SurveyBean.setVisitID(long)", "SurveyBean.getVisitID()", "SurveyBean.setSurveyDate(Date)", "SurveyBean.setSurveyDateString(String)", "SurveyBean.getSurveyDate()", "SurveyBean.getSurveyDateString()", "SurveyBean.setWaitingRoomMinutes(int)", "SurveyBean.getWaitingRoomMinutes()", "SurveyBean.setExamRoomMinutes(int)", "SurveyBean.getExamRoomMinutes()", "SurveyBean.setVisitSatisfaction(int)", "SurveyBean.getVisitSatisfaction()", "SurveyBean.setTreatmentSatisfaction(int)", "SurveyBean.getTreatmentSatisfaction()"], "Email.java": ["Email.getToList()", "Email.setToList(List)", "Email.getToListStr()", "Email.getFrom()", "Email.setFrom(String)", "Email.getSubject()", "Email.setSubject(String)", "Email.getBody()", "Email.setBody(String)", "Email.getTimeAdded()", "Email.setTimeAdded(Timestamp)", "Email.equals(Object)", "Email.hashCode()", "Email.toString()"], "ProcedureBean.java": ["ProcedureBean.getCPTCode()", "ProcedureBean.setCPTCode(String)", "ProcedureBean.getDescription()", "ProcedureBean.setDescription(String)", "ProcedureBean.getHcpid()", "ProcedureBean.setHcpid(String)", "ProcedureBean.getAttribute()", "ProcedureBean.setAttribute(String)", "ProcedureBean.getOvProcedureID()", "ProcedureBean.setOvProcedureID(long)", "ProcedureBean.getDate()", "ProcedureBean.setDate(Date)"], "DBUtil.java": ["DBUtil.canObtainProductionInstance()", "DBUtil.closeConnection(Connection,PreparedStatement)", "DBUtil.getLastInsert(Connection)"], "ParameterUtil.java": ["ParameterUtil.convertMap(Map)"], "DateUtil.java": ["DateUtil.yearsAgo(long)", "DateUtil.isInMonthRange(java,int,int)", "DateUtil.currentlyInMonthRange(int,int)", "DateUtil.getDateXyearsAgoFromNow(int)", "DateUtil.getSQLdateXyearsAgoFromNow(int)", "DateUtil.getDateXDaysAgoFromNow(int)", "DateUtil.getSQLdateXDaysAgoFromNow(int)", "DateUtil.setSQLMonthRange(java,int,int,java,int,int)"]}, "code_file_to_non_cg_element_map": {"Localization.java": [], "AdverseEventsData.java": [], "FormValidationException.java": [], "iTrustException.java": [], "NoHealthRecordsException.java": ["NoHealthRecordsException.class_name_voter"], "DBException.java": [], "ErrorList.java": [], "RandomPassword.java": [], "HtmlEncoder.java": [], "BeanBuilder.java": [], "Type1DiabetesRisks.java": [], "HeartDiseaseRisks.java": [], "RiskChecker.java": [], "Type2DiabetesRisks.java": [], "ChildhoodInfectionFactor.java": [], "SmokingFactor.java": [], "HypertensionFactor.java": [], "GenderFactor.java": [], "PriorDiagnosisFactor.java": [], "EthnicityFactor.java": [], "AgeFactor.java": [], "WeightFactor.java": [], "FamilyHistoryFactor.java": [], "CholesterolFactor.java": [], "PatientRiskFactor.java": [], "ChronicDiseaseMediator.java": [], "ReferralDAO.java": [], "FamilyDAO.java": [], "LOINCDAO.java": [], "HospitalsDAO.java": [], "FakeEmailDAO.java": [], "VisitRemindersDAO.java": [], "CPTCodesDAO.java": [], "PersonnelDAO.java": [], "ApptTypeDAO.java": [], "PatientDAO.java": [], "HealthRecordsDAO.java": [], "AdverseEventDAO.java": [], "RemoteMonitoringDAO.java": [], "MessageDAO.java": [], "DrugInteractionDAO.java": [], "AllergyDAO.java": [], "ICDCodesDAO.java": [], "ReportRequestDAO.java": [], "RiskDAO.java": [], "LabProcedureDAO.java": [], "SurveyDAO.java": [], "NDCodesDAO.java": [], "ApptDAO.java": [], "SurveyResultDAO.java": [], "OfficeVisitDAO.java": [], "AccessDAO.java": [], "TransactionDAO.java": [], "AuthDAO.java": [], "DAOFactory.java": [], "ProductionConnectionDriver.java": [], "IConnectionDriver.java": [], "EmailUtil.java": [], "ICD9CMLink.java": [], "StateSelect.java": [], "PatientNavigation.java": [], "Role.java": [], "Ethnicity.java": [], "Gender.java": [], "State.java": [], "BloodType.java": [], "TransactionType.java": [], "PrescriptionAlerts.java": [], "SessionTimeoutListener.java": [], "LabProcUAPAction.java": [], "UpdateLOINCListAction.java": [], "ViewMyRecordsAction.java": [], "AddERespAction.java": [], "ViewAdverseEventAction.java": [], "ReportAdverseEventAction.java": [], "ManageHospitalAssignmentsAction.java": [], "ViewMyReportRequestsAction.java": [], "AddOfficeVisitAction.java": [], "EditRepresentativesAction.java": [], "GetUserNameAction.java": [], "ViewMyApptsAction.java": [], "AddPatientAction.java": [], "AddApptAction.java": [], "UpdateNDCodeListAction.java": [], "ReferralManagementAction.java": [], "SurveyAction.java": [], "PatientBaseAction.java": [], "PersonnelBaseAction.java": [], "OfficeVisitBaseAction.java": [], "EmergencyReportAction.java": [], "ViewPatientOfficeVisitHistoryAction.java": [], "SearchUsersAction.java": [], "ViewPrescriptionRenewalNeedsAction.java": [], "ViewMyAccessLogAction.java": [], "ChronicDiseaseRiskAction.java": [], "ViewMyMessagesAction.java": [], "EditHealthHistoryAction.java": [], "MonitorAdverseEventAction.java": [], "AddUAPAction.java": [], "EditOfficeVisitAction.java": [], "UpdateHospitalListAction.java": [], "LoginFailureAction.java": [], "AddHCPAction.java": [], "ViewMyRemoteMonitoringListAction.java": [], "PrescriptionReportAction.java": [], "EditPatientAction.java": [], "EditMonitoringListAction.java": [], "DeclareHCPAction.java": [], "EditPHRAction.java": [], "ViewVisitedHCPsAction.java": [], "EditPrescriptionAction.java": [], "AddPHAAction.java": [], "ViewReportAction.java": [], "ViewSurveyResultAction.java": [], "LabProcHCPAction.java": [], "ViewPrescriptionRecordsAction.java": [], "ViewExpiredPrescriptionsAction.java": [], "ResetPasswordAction.java": [], "EditPersonnelAction.java": [], "MyDiagnosisAction.java": [], "UpdateICDCodeListAction.java": [], "AddRemoteMonitoringDataAction.java": [], "EditApptTypeAction.java": [], "SendMessageAction.java": [], "GenerateCalendarAction.java": [], "ViewPersonnelAction.java": [], "GetVisitRemindersAction.java": [], "ChangeSessionTimeoutAction.java": [], "DrugInteractionAction.java": [], "ViewOfficeVisitAction.java": [], "UpdateCPTCodeListAction.java": [], "SetSecurityQuestionAction.java": [], "Messages.java": [], "MailValidator.java": [], "AllergyBeanValidator.java": [], "PatientValidator.java": [], "ApptBeanValidator.java": [], "ProcedureBeanValidator.java": [], "AdverseEventValidator.java": [], "EMailValidator.java": [], "HospitalBeanValidator.java": [], "MedicationBeanValidator.java": [], "EditOfficeVisitValidator.java": [], "PersonnelValidator.java": [], "ApptTypeBeanValidator.java": [], "ValidationFormat.java": [], "DiagnosisBeanValidator.java": [], "MessageValidator.java": [], "RemoteMonitoringDataBeanValidator.java": [], "SecurityQAValidator.java": [], "BeanValidator.java": [], "DrugInteractionValidator.java": [], "AddPersonnelValidator.java": [], "AddPatientValidator.java": [], "SurveySearchValidator.java": [], "LabProcedureValidator.java": [], "LOINCBeanValidator.java": [], "HealthRecordFormValidator.java": [], "AllergyBean.java": [], "AdverseEventBean.java": [], "HCPDiagnosisBean.java": [], "VisitFlag.java": [], "HCPVisitBean.java": [], "MedicationBean.java": [], "HospitalBean.java": [], "FamilyMemberBean.java": [], "LOINCbean.java": [], "ReportRequestBean.java": [], "PersonnelBean.java": [], "TransactionBean.java": [], "PatientVisitBean.java": [], "DrugInteractionBean.java": [], "OperationalProfile.java": [], "RemoteMonitoringDataBean.java": [], "ReferralBean.java": [], "HealthRecord.java": [], "DiagnosisBean.java": [], "EditOfficeVisitForm.java": [], "HealthRecordForm.java": [], "VisitReminderReturnForm.java": [], "ApptTypeBean.java": [], "OfficeVisitLoader.java": [], "BeanLoader.java": [], "HealthRecordsBeanLoader.java": [], "ApptTypeBeanLoader.java": [], "ReportRequestBeanLoader.java": [], "ProcedureBeanLoader.java": [], "DrugInteractionBeanLoader.java": [], "PersonnelLoader.java": [], "RemoteMonitoringDataBeanLoader.java": [], "HospitalBeanLoader.java": [], "MedicationBeanLoader.java": [], "PrescriptionReportBeanLoader.java": [], "AllergyBeanLoader.java": [], "AdverseEventBeanLoader.java": [], "ReferralBeanLoader.java": [], "LOINCBeanLoader.java": [], "PrescriptionBeanLoader.java": [], "DiagnosisBeanLoader.java": [], "OperationalProfileLoader.java": [], "VisitReminderReturnFormLoader.java": [], "EmailBeanLoader.java": [], "SurveyLoader.java": [], "ApptBeanLoader.java": [], "LabProcedureBeanLoader.java": [], "FamilyBeanLoader.java": [], "TransactionBeanLoader.java": [], "MessageBeanLoader.java": [], "SurveyResultBeanLoader.java": [], "PatientLoader.java": [], "OfficeVisitBean.java": [], "PrescriptionBean.java": [], "ApptBean.java": [], "PrescriptionReportBean.java": [], "SecurityQA.java": [], "LabProcedureBean.java": [], "HCPLinkBean.java": [], "PatientBean.java": [], "MessageBean.java": [], "SurveyResultBean.java": [], "SurveyBean.java": [], "Email.java": [], "ProcedureBean.java": [], "DBUtil.java": [], "ParameterUtil.java": [], "DateUtil.java": []}}